,Coefficient,P-value,Std_Error
const,0.04150593785466589,0.05609681535268152,0.020466942138479532
Housing_Inflation,0.005582373883531947,0.24796863326240184,0.00469094154914669
Overall_Inflation,-0.020035928673279337,0.06263075456278007,0.010161540988161577
